Name,Height,Zone,Easting,Northing,Latitude,Longitude,Points
Abbotts Lookout,1106,55G,4 71 700,52 63 490,-42.78061,146.65402,1
Abel Peak,602,55G,4 04 070,52 98 500,-42.4599,145.83324,1
Abrotanella Rise,1023,55G,4 66 245,52 15 445,-43.21302,146.58443,1
"Achilles, Mount",1363,55G,4 15 135,53 65 355,-41.85916,145.97754,4
"Acropolis, The",1480,55G,4 22 195,53 56 995,-41.93518,146.06148,4
Adams Peak,1300,55G,4 74 540,53 79 230,-41.73834,146.69383,1
Adamsons Peak,1225,55G,4 85 800,52 00 280,-43.3502,146.82479,3
"Agnew, Mount",848,55G,3 52 920,53 60 520,-41.89357,145.22703,1
"Albert, Mount",1120,55G,5 72 935,54 22 145,-41.34889,147.87183,1
"Aldebaran, Mount",1107,55G,4 46 630,52 19 270,-43.17745,146.34333,3
"Alexandra, Mount",933,55G,4 79 390,51 92 440,-43.42065,146.7454,2
Algonkian Mountain,1073,55G,4 22 250,53 06 220,-42.39242,146.05537,4
"Allen, Mount",453,55G,6 02 200,53 72 400,-41.79367,148.23006,1
Alma Tier,1075,55G,5 04 570,53 37 840,-42.11152,147.05528,1
"Alma, Mount",866,55G,4 14 780,53 29 840,-42.17894,145.9681,2
Alpha Pinnacle,650,55G,5 25 540,52 85 740,-42.58033,147.31123,1
"Amos, Mount",454,55G,6 07 370,53 32 340,-42.15371,148.29958,1
Anderson Bluff,1092,55G,4 65 835,52 14 625,-43.22039,146.57933,2
"Andrew, Mount",475,55G,5 99 560,53 67 800,-41.83543,148.19907,1
"Ann, Mount",594,55G,5 28 570,53 04 920,-42.4075,147.3472,1
"Anne, Mount",1423,55G,4 53 010,52 45 375,-42.94281,146.42403,6
"Anstey, Mount",470,55G,5 24 950,53 13 750,-42.3281,147.30282,1
Archers Sugarloaf,650,55G,4 67 930,53 86 160,-41.67568,146.61471,1
Arnold Peak,760,55G,3 84 880,53 64 830,-41.86007,145.61301,1
"Arnon, Mount",310,55G,5 09 270,54 03 610,-41.51909,147.1111,1
"Arrowsmith, Mount",981,55G,4 23 680,53 26 430,-42.21057,146.07541,1
"Arthur, Mount",447,55G,5 66 300,52 21 830,-43.15338,147.81544,1
"Arthur, Mount",1140,55G,5 17 880,52 52 030,-42.88412,147.21895,1
"Arthur, Mount",1188,55G,5 24 260,54 30 390,-41.27756,147.28968,2
Arthurs Peak,300,55G,5 73 530,52 18 150,-43.18584,147.90485,1
Artillery Knob,1215,55G,4 14 950,53 86 210,-41.67133,145.97829,1
"Asbestos, Mount",392,55G,4 74 450,54 46 440,-41.13294,146.69559,1
Asgard Crag,1390,55G,5 55 910,53 92 910,-41.61357,147.67105,1
"Augusta, Mount",329,55G,5 41 130,53 51 920,-41.98365,147.49651,1
Back Peak,1140,55G,4 05 020,53 91 740,-41.62041,145.8599,1
Badger Hill,720,55G,5 24 330,52 87 730,-42.56245,147.2964,1
"Bains, Mount",335,55G,5 34 070,52 88 640,-42.55389,147.415,1
Bakers Tier,951,55G,4 87 530,53 36 080,-42.12729,146.84913,1
"Balfour, Mount",436,55G,3 22 630,54 27 230,-41.28688,144.88185,1
"Banks, Mount",532,55G,5 24 940,51 90 660,-43.43654,147.30817,1
"Bare, Mount",1078,55G,4 08 700,54 05 480,-41.4971,145.90616,1
Baretop Ridge,679,55G,3 69 790,54 26 510,-41.30236,145.44465,1
Barn Bluff,1559,55G,4 10 420,53 80 305,-41.72401,145.92299,5
Barren Tier,1188,55G,4 79 610,53 48 670,-42.01373,146.75374,1
"Barrow, Mount",1420,55G,5 34 950,54 19 400,-41.37616,147.41795,1
Bastion Bluff,1386,55G,4 59 160,53 81 795,-41.71459,146.50906,1
"Bastion, The",1107,55G,3 82 740,53 53 580,-41.96105,145.585,2
Battlement Hills,917,55G,4 39 410,52 95 430,-42.49112,146.2627,1
"Baudin, Mount",413,55G,6 08 450,53 32 930,,,1
Bawleys Peak,850,55G,4 59 200,53 37 040,-42.11768,146.50644,1
Bayeux Bluff,1237,55G,4 29 120,53 21 590,-42.25467,146.14071,1
Bedlam Wall,922,55G,4 33 450,53 33 600,-42.1469,146.19457,1
"Beecroft, Mount",1136,55G,4 03 190,53 97 110,-41.57183,145.83881,2
"Beehive, The",1001,55G,4 23 080,53 28 320,-42.19349,146.06839,1
Beggary Bumps,1006,55G,4 43 800,52 20 810,-43.16338,146.30867,1
Bell Mount,803,55G,4 25 520,54 09 420,-41.46336,146.10813,1
"Bell, Mount",438,55G,3 62 320,54 06 000,-41.48579,145.35079,1
Bellevue Tier,1100,55G,4 66 390,53 38 120,-42.10829,146.59348,1
Belmont,457,55G,4 97 950,52 70 970,-42.71377,146.97497,1
"Belstead, Mount",705,55G,5 91 910,55 46 610,-40.2259,148.0803,1
Ben Nevis,1368,55G,5 52 325,54 15 565,-41.40976,147.62606,2
Benson Peak,1368,55G,4 12 810,53 83 420,-41.69623,145.95218,1
Bent Bluff,1340,55G,5 62 360,53 93 635,-41.60656,147.74839,1
"Berry, Mount",651,55G,4 20 730,52 05 110,-43.30267,146.02265,2
"Bertha, Mount",703,55G,3 52 650,54 27 860,-41.28725,145.24033,2
Beta Mount,629,55G,5 26 820,52 85 830,-42.57948,147.32683,1
"Bethune, Mount",508,55G,4 80 030,52 83 510,-42.60058,146.75657,1
Big Silver,333,55G,5 96 260,55 59 180,-40.11218,148.12954,1
Big White Hill,575,55G,5 16 980,53 02 460,-42.42999,147.20642,1
Billopp Bluff,1238,55G,4 98 010,53 67 350,-41.84575,146.97603,1
"Bischoff, Mount",785,55G,3 76 430,54 12 660,-41.42812,145.52111,1
"Bisdee, Mount",1005,55G,4 74 410,51 91 260,-43.43112,146.68383,4
Bishop and Clerk (North),496,55G,5 91 490,52 84 210,-42.58911,148.11505,1
Bishop and Clerk (South),588,55G,5 91 500,52 84 110,-42.59001,148.11519,1
Bishop and Clerk (West),599,55G,5 91 430,52 84 070,-42.59037,148.11435,1
Bishop Peak,1378,55G,4 27 640,53 64 410,-41.86892,146.12806,1
Bishops Mitre,1346,55G,4 27 470,53 63 800,-41.8744,146.12594,1
Black Bluff,1339,55G,4 12 670,54 10 640,-41.45107,145.95446,2
Black Bluff East,1074,55G,4 16 730,54 09 820,-41.45889,146.00295,1
Black Bluff Range,1340,55G,4 11 220,54 09 820,-41.4583,145.93698,1
Black Johnnys Tier,1082,55G,4 96 760,53 45 770,-42.04011,146.96085,1
Black Mountain,440,55G,5 65 640,52 18 970,-43.17919,147.80767,1
Black Pinnacle ,782,55G,5 24 740,52 91 350,-42.52984,147.30124,1
Black Sugarloaf,503,55G,4 83 460,54 17 910,-41.39017,146.80216,1
Black Tier,775,55G,5 07 840,52 96 960,-42.47967,147.09539,1
"Black, Mount",929,55G,3 80 650,53 75 580,-41.76264,145.56422,1
"Blackboy, Mount",882,55G,5 73 390,54 16 280,-41.40167,147.87798,1
Blackmans Hill,661,55G,4 97 800,52 92 900,-42.51627,146.97322,1
"Blackwood, Mount",1326,55G,4 89 840,53 70 540,-41.81695,146.87767,1
"Block, Mount",806,55G,3 86 790,53 87 590,-41.6554,145.64035,1
Blue Hill,890,55G,4 88 710,53 13 330,-42.3322,146.86296,1
Blue Peak,540,55G,3 62 350,54 41 270,-41.16822,145.35914,1
Blue Peaks,1350,55G,4 47 890,53 81 640,-41.71533,146.37357,1
Blumont,670,55G,5 34 190,54 40 220,-41.18865,147.4077,1
Bobs Knobs,981,55G,4 67 920,52 02 650,-43.32831,146.60431,1
"Bobs, Mount",1111,55G,4 67 300,52 06 390,-43.29461,146.59688,6
Boiler Plates,1039,55G,4 55 480,52 14 260,-43.22314,146.45181,1
"Bolton, Mount",478,55G,3 38 770,54 11 760,-41.42954,145.07038,1
Bonds Craig,1260,55G,4 40 750,52 90 680,-42.53399,146.27851,3
Bonds Hill,1030,55G,4 10 710,54 01 670,-41.53164,145.92967,1
"Boomerang, The",1081,55G,4 68 750,52 05 915,-43.29894,146.61473,2
"Bounty, Mount",600,55G,5 22 470,52 00 170,-43.35099,147.27726,1
"Bowes, Mount",956,55G,4 51 710,52 55 080,-42.85534,146.40893,2
"Braddon, Mount",727,55G,4 30 840,52 18 590,-43.18229,146.14898,2
Bradys Lookout,1362,55G,4 93 270,53 67 600,-41.84347,146.91894,1
Bradys Sugarloaf,1024,55G,4 61 270,53 21 420,-42.25846,146.53044,1
Brazen Nose,710,55G,4 30 600,54 05 870,-41.49579,146.16855,1
Brewery Knob,1203,55G,4 09 430,53 88 940,-41.64614,145.9124,1
"Bridges, Mount",1208,55G,4 65 520,52 76 100,-42.6668,146.57924,1
Briggs Bluff,642,55G,3 92 160,53 22 340,-42.24368,145.69287,1
"Brock, Mount",623,55G,4 27 220,51 89 320,-43.44549,146.10056,1
Broken Bluff,1340,55G,5 62 500,53 94 310,-41.60047,147.74999,1
Brown Mountain,792,55G,5 43 170,52 83 670,-42.59819,147.52622,1
Brown Mountain,835,55G,4 08 840,53 20 740,-42.26022,145.89476,1
Brown Mountain,974,55G,4 70 710,52 84 420,-42.59209,146.643,1
"Bruche, Mount",504,55G,5 45 030,53 29 990,-42.18094,147.54527,1
"Bruny, Mount",504,55G,5 23 480,51 85 820,-43.48017,147.29034,1
Burgess Bluff,1082,55G,4 66 040,52 13 755,-43.22823,146.5818,2
Burns Hill,384,55G,4 96 410,52 04 640,-43.31107,146.95573,1
Burns Peak,660,55G,3 78 390,53 84 650,-41.68063,145.53889,1
Burns Pinnacles,617,55G,3 78 460,53 85 470,-41.67326,145.5399,1
"Burrows, Mount",628,55G,5 42 300,53 08 150,-42.37778,147.51381,1
Butchers Peak,461,55G,5 94 090,55 49 250,-40.20188,148.10553,1
Butlers Hill,670,55G,5 25 030,52 81 160,-42.62159,147.30522,1
Buzzietop,889,55G,5 07 630,52 48 300,-42.91788,147.09349,1
Byatts Razorback,1018,55G,5 67 965,53 97 280,-41.57327,147.81523,1
"Byron, Mount",1375,55G,4 22 155,53 46 485,-42.02982,146.05961,3
"Calder, Mount",370,55G,5 51 450,52 82 420,-42.60894,147.62726,1
Calders Lookout,993,55G,4 21 720,53 27 570,-42.20011,146.05182,1
"Calf, The",1152,55G,4 85 290,52 00 060,-43.35217,146.81849,1
"Calvary, Mount",380,55G,5 55 880,52 79 460,-42.63528,147.68156,1
"Camel, The",1009,55G,4 28 210,52 92 560,-42.516,146.12606,2
"Cameron, Mount",551,55G,5 79 220,54 62 830,-40.98186,147.94169,1
Camp Hill,1172,55G,4 03 840,53 44 400,-42.04657,145.83806,1
"Campbell, Mount",1248,55G,4 14 455,53 87 895,-41.6561,145.97259,1
Campbells Hill,995,55G,5 67 950,53 62 260,-41.88867,147.81905,1
Canning Peak,854,55G,4 00 670,53 65 200,-41.85888,145.80327,1
"Canopus, Mount",1056,55G,4 49 630,52 20 160,-43.16964,146.38032,2
Capella Crags,1049,55G,4 37 590,52 24 810,-43.12688,146.23273,1
"Capricorn, Mount",1037,55G,4 42 120,52 21 670,-43.15551,146.28809,3
"Careless, Mount",500,55G,4 82 160,54 25 300,-41.32358,146.78683,1
Carina Peak,1008,55G,4 47 700,52 20 390,-43.16744,146.3566,2
"Cartwright, Mount",598,55G,5 43 040,53 13 740,-42.3274,147.52238,1
Castle Cary,580,55G,5 58 950,53 79 310,-41.73584,147.70888,1
Castle Crag/Falling Mtn,1482,55G,4 25 150,53 59 770,-41.91047,146.09747,4
Castle Hill (North),761,55G,4 07 900,52 23 720,-43.13366,145.8676,1
Castle Mountain,1208,55G,4 04 420,53 50 550,-41.99126,145.84606,2
"Castor, Mount",773,55G,4 48 120,52 08 620,-43.27345,146.36066,1
Cathcart Bluff,1146,55G,4 88 130,53 73 650,-41.78892,146.85714,1
Cathedral Mountain,1387,55G,4 26 190,53 62 320,-41.88761,146.11033,1
Cathedral Rock,884,55G,5 15 640,52 46 220,-42.93649,147.19168,2
"Cattley, Mount",944,55G,4 04 700,54 06 240,-41.48979,145.85836,1
"Cawthorn, Mount",731,55G,4 29 120,52 49 770,-42.90139,146.13179,1
Celtic Hill,771,55G,4 47 890,52 46 490,-42.93244,146.36138,1
Centaurus Ridge,1043,55G,4 49 500,52 18 170,-43.18755,146.37854,1
Central Peak,1070,55G,3 83 020,53 28 963,-42.18274,145.58345,1
Centre Star,943,55G,4 37 170,52 86 510,-42.57126,146.23446,2
"Chapman, Mount",1086,55G,4 66 250,52 16 470,-43.20379,146.58456,2
"Charles, Mount",1030,55G,4 38 000,53 32 565,-42.15659,146.24953,1
"Charles, Mount",1046,55G,5 05 930,52 52 230,-42.88251,147.07262,1
"Charter, Mount",840,55G,3 89 670,53 91 300,-41.6224,145.67561,1
Cheyne Range,1290,55G,4 18 790,53 37 180,-42.11327,146.01767,2
"Chimera, The",1111,55G,4 24 050,53 31 920,-42.16117,146.0806,2
"Chin, The",1116,55G,3 82 190,53 52 020,-41.97501,145.57805,1
Chinners Lookout,917,55G,4 57 600,52 92 130,-42.52204,146.48379,1
"Christie, Mount",650,55G,5 55 840,53 78 740,-41.7412,147.67154,1
Church Peak,1200,55G,4 24 920,53 20 670,-42.26256,146.08968,2
Cinder Hill,850,55G,4 21 600,52 34 750,-43.03589,146.03758,2
Circinus Peaks,1469,55G,5 50 470,54 02 860,-41.52431,147.60493,1
"Citadel, The",929,55G,4 23 880,52 43 620,-42.95626,146.06677,3
"Clark, Mount",404,55G,4 90 240,52 94 300,-42.5036,146.88121,1
"Clark, Mount",494,55G,5 63 550,52 27 480,-43.10274,147.78098,1
Clarks Timber,1240,55G,4 62 270,53 60 230,-41.90898,146.54507,1
"Claude, Mount",1034,55G,4 32 980,54 06 380,-41.49139,146.19712,1
Clear Hill,1198,55G,4 40 370,52 74 950,-42.67561,146.27224,2
Cleft Peak,946,55G,4 25 940,52 42 900,-42.96295,146.09193,2
Clemes Peak,410,55G,5 77 330,52 30 890,-43.07076,147.94982,1
"Cleveland, Mount",858,55G,3 64 510,54 10 030,-41.44988,145.37792,1
Cluan Tiers,860,55G,4 83 740,53 88 590,-41.65427,146.80472,1
Clumner Bluff,1458,55G,4 38 100,53 76 930,-41.75705,146.2554,2
Clytemnestra,1271,55G,4 02 550,53 17 820,-42.28575,145.81802,3
Coal Hill,1190,55G,4 19 180,53 45 360,-42.03965,146.02352,2
Coal River Sugarloaf,533,55G,5 33 800,52 79 500,-42.63621,147.41226,1
Coalmine Crag,1486,55G,5 53 790,54 00 610,-41.54436,147.64492,1
"Cockscomb, The",1020,55G,4 79 900,51 84 160,-43.49522,146.75139,1
Collins Bonnet,1260,55G,5 12 200,52 52 050,-42.88405,147.1494,2
Collins Cap,1098,55G,5 11 380,52 54 680,-42.86038,147.1393,2
"Columba, Mount",1042,55G,4 43 170,52 20 370,-43.16729,146.30087,2
"Communication, Mount",342,55G,5 53 970,52 35 130,-43.0346,147.66251,1
Companion Hill,852,55G,3 93 650,54 22 720,-41.33999,145.72892,1
Companion Range,864,55G,4 24 400,52 41 030,-42.97963,146.0728,2
Conglomerate Peak,735,55G,3 83 740,53 24 060,-42.22699,145.59119,1
Conical Mountain,1124,55G,4 30 670,52 91 130,-42.5291,146.15583,4
"Connection, Mount",802,55G,5 61 700,53 40 820,-42.08227,147.74597,1
"Connection, Mount",1130,55G,5 14 400,52 52 240,-42.8823,147.17633,1
Convent Hill,1270,55G,4 31 190,53 60 510,-41.90436,146.17038,1
Convict Peak,587,55G,4 00 640,52 90 430,-42.53213,145.79013,1
"Cook, Mount",459,55G,5 26 820,51 95 350,-43.39425,147.33117,1
Corfe Castle,1225,55G,4 30 380,53 16 960,-42.29648,146.15543,1
Corner Peak,865,55G,4 25 880,52 30 305,-43.07634,146.08952,2
Coronation Peak,1054,55G,4 19 370,52 48 440,-42.9124,146.01218,6
"Coronets, The",876,55G,4 37 200,52 50 680,-42.8939,146.23085,2
"Counsel, Mount",802,55G,4 38 080,51 89 130,-43.44817,146.23474,3
"Counsel, Mount",845,55G,4 06 330,53 06 130,-42.39147,145.86197,1
Counsels Peak,505,55G,5 94 080,55 59 870,-40.10621,148.10386,1
Courtney Hill,970,55G,4 13 900,53 97 400,-41.57044,145.96729,1
"Cow, The",1190,55G,4 85 290,52 00 080,-43.35199,146.81849,1
Cowies Bluff,826,55G,5 78 360,53 75 960,-41.76433,147.9427,1
Cracroft Hills,891,55G,3 93 770,53 03 720,-42.41156,145.70896,2
"Cracroft, Mount",738,55G,3 92 741,53 04 920,-42.40061,145.69668,1
Cradle Hill,1086,55G,5 15 010,53 43 410,-42.06123,147.18142,1
Cradle Mountain,1545,55G,4 12 730,53 84 690,-41.68478,145.9514,3
Crag Peak,420,55G,3 73 750,54 61 900,-40.98431,145.49922,1
Crags of Andromeda,1133,55G,4 52 030,52 17 590,-43.19294,146.40962,1
Craigow Hill,394,55G,5 33 400,52 59 770,-42.8139,147.40854,1
Cramps Sugarloaf,1200,55G,4 83 040,53 64 020,-41.87556,146.79561,1
Crater Peak,1270,55G,4 11 740,53 87 460,-41.65973,145.93992,1
Crescent Mountain,390,55G,5 74 860,52 18 760,-43.18022,147.92113,1
Crest Range,1020,55G,4 60 600,52 07 270,-43.28636,146.51435,3
"Cripps, Mount",943,55G,3 97 160,53 96 090,-41.58026,145.76632,1
"Crooke, Mount",1197,55G,4 67 820,52 77 340,-42.65573,146.60738,1
Cuckoo Hill,733,55G,5 53 400,54 34 720,-41.23716,147.63723,1
"Cullen, Mount",721,55G,4 32 530,52 56 980,-42.83678,146.17442,1
Cunninghams Knoll,1160,55G,4 49 405,52 99 365,-42.4564,146.38466,1
"Cupola, The",970,55G,4 22 750,52 45 540,-42.93886,146.05319,2
Curate Bluff,1278,55G,4 28 450,53 65 500,-41.85917,146.13796,1
"Curly, Mount",1065,55G,4 33 000,52 91 190,-42.52877,146.18421,4
"Curran, Mount",335,55G,4 22 840,51 98 430,-43.36303,146.04773,1
"Cuvier, Mount",1378,55G,4 19 260,53 46 970,-42.02516,146.02471,4
"Cygnet, Mount",587,55G,5 13 380,52 17 470,-43.19543,147.16468,1
"Cyril, Mount",797,55G,3 81 550,53 50 790,-41.98599,145.57008,1
D'Arcys Bluff,1182,55G,4 42 490,53 28 440,-42.19408,146.30346,1
"Daedalus, Mount",400,55G,6 07 360,53 13 390,-42.32433,148.30297,1
Darkes Peak,1208,55G,4 48 500,53 00 320,-42.44774,146.37374,1
"Darwin, Mount",1033,55G,3 83 330,53 20 960,-42.25484,145.5856,2
Davis Lookout,1206,55G,4 68 760,52 79 290,-42.63821,146.61895,1
"Dawson, Mount",1062,55G,4 58 750,52 89 550,-42.54534,146.49761,2
Dazzler Range,530,55G,4 76 740,54 36 090,-41.22624,146.72248,1
"Dazzler, The",500,55G,4 75 280,54 38 850,-41.20134,146.70517,1
Dean Bluff,1294,55G,4 28 210,53 66 500,-41.85015,146.13519,1
Deception Point,1320,55G,4 41 190,53 80 790,-41.72252,146.29295,2
Dells Bluff,1210,55G,4 77 770,53 75 700,-41.77023,146.73254,1
Den Hill,772,55G,5 53 130,53 66 030,-41.85585,147.64009,1
Den Hill,859,55G,5 06 960,53 01 150,-42.44194,147.08463,1
Denison Crag,1458,55G,5 58 255,53 92 265,-41.61921,147.69926,1
Detached Peak,735,55G,4 18 200,52 59 370,-42.81386,145.99944,1
Detention Peak,540,55G,3 71 140,54 57 570,-41.02289,145.4673,1
Devils Backbone,698,55G,5 22 670,52 85 150,-42.58573,147.27628,1
Devils Backbone,1119,55G,4 79 540,52 15 510,-43.21292,146.74811,1
Devils Thumb,1087,55G,4 56 730,52 09 230,-43.2685,146.46681,1
"Dial, Mount",480,55G,4 19 630,54 42 240,-41.1672,146.04195,1
"Dial, The",1083,55G,4 55 710,52 13 800,-43.22729,146.45461,2
Diamond Peak,1066,55G,4 21 740,52 98 430,-42.46252,146.04811,9
Diamond Tier,1022,55G,4 81 170,53 37 790,-42.11176,146.77223,1
"Dipwood, Mount",530,55G,3 68 770,54 54 510,-41.05007,145.43847,1
"Direction, Mount",368,55G,5 02 720,54 34 470,-41.24117,147.03246,1
"Direction, Mount",448,55G,5 25 130,52 61 560,-42.7981,147.30731,1
"Discovery, Mount",650,55G,3 85 270,52 86 870,-42.56205,145.60231,1
"Dismal, Mount",490,55G,5 08 570,54 34 210,-41.24347,147.10228,1
"Dismal, Mount",610,55G,5 26 490,52 80 490,-42.62758,147.32305,1
"Doctors Peak, The",319,55G,6 01 100,54 38 550,-41.19811,148.20572,1
Dog Hill,1100,55G,4 67 180,52 81 820,-42.61536,146.59983,2
Dogshead Crag,1070,55G,5 51 760,53 93 550,-41.60808,147.62119,1
Dome Hill,946,55G,4 45 240,52 78 630,-42.64284,146.33202,1
Dome Hill,1177,55G,4 03 420,53 56 950,-41.93351,145.83504,3
Dome Hill,1284,55G,4 57 840,53 75 900,-41.76762,146.49277,1
Domesday Bluff,1106,55G,4 28 000,53 20 960,-42.26024,146.12706,1
"Donaldson, Mount",437,55G,3 38 840,53 91 760,-41.6096,145.06586,1
Dorado Peak,1068,55G,4 43 000,52 21 850,-43.15395,146.29893,3
"Doris, Mount",1340,55G,4 20 950,53 64 620,-41.86639,146.04749,1
Double Peak,519,55G,5 96 990,55 28 640,-40.38719,148.14272,1
Double Peak,1061,55G,4 19 730,52 46 800,-42.9272,146.01636,4
"Douglas, Mount",422,55G,5 59 040,52 94 450,-42.50006,147.71854,1
"Dove, Mount",485,55G,6 08 070,53 32 570,-42.15154,148.30801,1
"Dromedary, Mount",989,55G,5 09 555,52 71 075,-42.71276,147.11669,1
Druids Hill,845,55G,4 48 920,52 45 780,-42.9389,146.37394,1
Drys Bluff,1330,55G,4 83 865,53 81 940,-41.71417,146.80604,2
Du Cane Range,1520,55G,4 21 285,53 58 740,-41.91937,146.05074,3
"Duncan, Mount",681,55G,4 19 140,54 39 200,-41.19453,146.03571,1
"Dundas, Mount",1143,55G,3 73 370,53 60 710,-41.8954,145.47349,2
"Durham, Mount",760,55G,5 89 080,53 99 950,-41.54715,148.06807,1
Eardley Tor,408,55G,4 35 530,54 26 040,-41.31453,146.22976,1
East Jukes Peak,731,55G,3 84 140,53 31 120,-42.16348,145.59744,1
East Portal,1008,55G,4 54 600,52 14 310,-43.22263,146.44098,3
"Edgecombe, Mount",475,55G,5 22 940,54 18 320,-41.38632,147.27437,1
"Edith, Mount",772,55G,3 33 160,54 09 290,-41.45063,145.00259,2
Edwards Peak,740,55G,5 76 070,54 21 700,-41.35261,147.90936,1
Eldon Bluff,1361,55G,4 02 770,53 52 170,-41.97647,145.82642,5
Eldon Peak,1439,55G,3 94 980,53 52 350,-41.97385,145.73244,5
Eldon Range,1321,55G,4 00 910,53 53 170,-41.96723,145.80414,4
"Eleanor, Mount",396,55G,3 98 490,52 54 420,-42.85606,145.75751,1
"Elephant, Mount",757,55G,6 03 935,53 91 945,-41.61745,148.24753,1
Eliza Bluff,1304,55G,4 52 480,52 43 050,-42.96371,146.41734,1
"Eliza, Mount",1289,55G,4 51 645,52 43 100,-42.96321,146.4071,2
Elliot Range,911,55G,3 94 830,52 96 400,-42.47761,145.7205,2
"Emma, Mount",964,55G,4 15 450,53 15 430,-42.30878,145.97411,2
"Emmett, Mount",1410,55G,4 15 335,53 81 915,-41.71005,145.98231,2
Endurance Bluff,525,55G,5 79 730,54 61 430,-40.99442,147.94793,1
"Eros, Mount",1373,55G,4 19 670,53 58 140,-41.92461,146.03119,2
Esperance Peak,1056,55G,4 84 550,52 05 570,-43.30254,146.80951,2
"Esperance, Mount",400,55G,5 02 630,52 09 700,-43.26551,147.03241,1
Espies Craig,637,55G,5 01 300,52 87 190,-42.5677,147.01584,1
Eve Peak,1357,55G,4 53 170,52 44 360,-42.95196,146.42591,1
"Everett, Mount",892,55G,4 05 090,54 20 620,-41.36033,145.86529,1
False Dome,1093,55G,4 28 320,52 93 420,-42.50827,146.12751,2
"Farrell, Mount",711,55G,3 86 720,53 77 160,-41.74931,145.63752,1
"Faulkner, Mount",900,55G,5 15 870,52 61 870,-42.79555,147.19406,1
Federation Peak,1225,55G,4 57 460,52 08 910,-43.27142,146.47578,10
Fergus Bluff,1240,55G,4 59 670,53 52 650,-41.97712,146.5132,1
"Field East, Mount",1274,55G,4 71 020,52 77 500,-42.65442,146.64643,2
"Field West, Mount",1434,55G,4 60 240,52 77 235,-42.65632,146.51489,3
"Fincham, Mount",802,55G,3 93 130,53 23 910,-42.22968,145.70492,2
Fisher Bluff,1408,55G,4 43 920,53 82 490,-41.7074,146.32593,1
Fishers Sugarloaf,948,55G,4 80 370,53 34 930,-42.1375,146.76246,1
Fishers Tier,998,55G,5 47 730,53 93 210,-41.6114,147.57285,1
Five Mile Pinnacles,1189,55G,4 77 110,53 49 010,-42.0106,146.72356,1
Flame Peak,1089,55G,4 28 820,52 93 590,-42.50678,146.13362,2
Flat Bluff,1060,55G,4 01 180,53 31 300,-42.1642,145.8037,1
Flat Iron Hill,988,55G,5 04 830,53 28 550,-42.19519,147.0585,1
Florentine Peak,1376,55G,4 62 050,52 73 940,-42.68608,146.53676,2
Folded Range,966,55G,4 30 810,52 35 730,-43.02796,146.15075,2
Fordon Bluff,490,55G,5 36 850,53 88 480,-41.65458,147.44257,1
"Forestier, Mount",316,55G,5 69 750,52 48 770,-42.9105,147.8545,1
"Fortescue, Mount",490,55G,5 78 670,52 19 690,-43.17146,147.96787,2
Forty Lakes Peak,1351,55G,4 52 870,53 79 940,-41.73095,146.4333,1
Fossey Mountains,971,55G,4 34 690,54 06 390,-41.49145,146.2176,1
"Foster, Mount",1012,55G,5 73 770,53 79 470,-41.73316,147.88705,1
Four Peaks 1,1062,55G,4 55 389,52 10 560,-43.25645,146.45039,1
Four Peaks 2,1024,55G,4 55 310,52 10 340,-43.25842,146.4494,1
Four Peaks 3,1069,55G,4 55 500,52 10 220,-43.25951,146.45173,2
Four Peaks 4,1055,55G,4 55 600,52 10 170,-43.25997,146.45296,1
Frances Bluff,1288,55G,4 53 530,52 44 165,-42.95374,146.4303,1
Frankland Peak,1083,55G,4 30 470,52 40 260,-42.98714,146.14714,4
"Frankland, Mount",447,55G,3 26 700,54 27 240,-41.28767,144.93043,1
Franklin Hills,687,55G,4 15 030,53 23 460,-42.23642,145.9702,1
"Franklin, Mount",1102,55G,5 19 270,53 41 720,-42.07635,147.23296,1
"Frederick, Mount",921,55G,4 71 960,52 33 380,-43.05176,146.6557,2
Freezing Hill,1116,55G,4 64 730,52 80 220,-42.62966,146.56986,2
Frenchmans Cap,1446,55G,4 03 540,53 19 610,-42.26975,145.83033,7
"Freycinet, Mount",620,55G,6 07 610,53 25 340,-42.2167,148.30378,2
Frog Hill,1067,55G,5 02 400,53 44 350,-42.0529,147.029,1
"Fulton, Mount",482,55G,4 35 060,51 96 950,-43.37751,146.19835,1
Fury Gorge Prospect,1280,55G,4 08 640,53 83 610,-41.69405,145.9021,1
"Gables, The",1058,55G,4 55 850,52 11 380,-43.24909,146.45614,2
"Gaffney, Mount",519,55G,4 01 470,52 30 700,-43.07001,145.7898,1
Gap Peak,390,55G,3 45 730,53 63 830,-41.8624,145.14127,1
"Gatepost, The",1290,55G,4 25 720,53 57 170,-41.93394,146.10402,1
Geeves Bluff,1152,55G,4 56 550,52 07 970,-43.27984,146.46449,3
"Geikie, Mount",1193,55G,3 82 350,53 52 530,-41.97044,145.58008,2
"Gell, Mount",1447,55G,4 19 460,53 32 770,-42.15306,146.02517,4
"Geryon (North), Mount",1516,55G,4 21 625,53 57 795,-41.92792,146.05471,5
"Geryon (South Spur), Mount",1430,55G,4 21 650,53 57 450,-41.93103,146.05497,2
"Geryon (South), Mount",1509,55G,4 21 625,53 57 630,-41.9294,146.05469,8
"Gibbins, Mount",1178,55G,4 41 320,53 13 610,-42.32755,146.28779,2
Giblin Peak,1569,55G,5 54 770,54 01 580,-41.53556,147.65658,1
"Giblin, Mount",881,55G,4 32 000,52 37 960,-43.00799,146.16562,2
Gibsons Hill,813,55G,5 61 330,53 60 900,-41.90146,147.7394,1
Gilwell Peak,935,55G,5 20 060,53 38 930,-42.10146,147.2426,1
Glovers Bluff,1080,55G,4 74 400,52 43 730,-42.95864,146.68613,1
"Gnomon, Mount",490,55G,4 18 900,54 41 380,-41.17487,146.03314,1
Gog Range,740,55G,4 55 530,54 04 170,-41.51287,146.46708,1
Goodwins Peak,574,55G,4 00 500,52 96 970,-42.47323,145.78956,1
Gooseneck Hill,980,55G,3 81 220,53 65 100,-41.85709,145.56898,1
"Gould, Mount",1491,55G,4 21 335,53 52 620,-41.97449,146.05053,4
Goulds Sugarloaf,1425,55G,4 17 240,53 42 310,-42.06692,145.99965,2
"Graham, Mount",579,55G,6 08 720,53 25 890,-42.2116,148.31713,1
Granite Tor,1034,55G,3 98 490,53 78 630,-41.73766,145.77931,2
Grasstree Hill,544,55G,5 29 060,52 64 020,-42.77581,147.35524,1
Great Dome,1232,55G,4 40 400,52 88 470,-42.55387,146.27402,2
Great Pine Tier,1311,55G,4 45 330,53 66 400,-41.85242,146.3414,1
Green Bluff,1272,55G,4 14 780,53 57 650,-41.92851,145.97215,1
Green Head,894,55G,4 23 480,52 28 280,-43.09434,146.05976,1
Green Hill,620,55G,5 09 500,53 07 220,-42.38725,147.11541,1
Grey Mountain,831,55G,5 09 460,52 29 050,-43.09121,147.11623,1
Greycap,898,55G,4 27 200,52 41 920,-42.97189,146.10725,2
Greystone Bluff,1019,55G,4 23 020,52 30 310,-43.07601,146.05439,4
"Grosse, Mount",454,55G,5 16 480,52 11 310,-43.25083,147.20302,1
"Grunter, The",520,55G,4 40 520,53 99 390,-41.55495,146.28675,1
"Guardians, The",1394,55G,4 19 065,53 52 730,-41.97327,146.02315,3
Gum Top,860,55G,4 79 760,53 90 850,-41.63382,146.757,1
Gunners Quoin,450,55G,5 26 450,52 64 730,-42.76951,147.3233,1
"Hadmar, Mount",735,55G,3 35 550,54 08 710,-41.45634,145.03103,1
Haldane Peak,1250,55G,4 27 710,53 23 904,-42.2337,146.12391,1
Hamilton Crags,1515,55G,5 56 580,54 02 140,-41.53039,147.67822,1
"Hamilton, Mount",1005,55G,3 77 030,53 66 830,-41.84088,145.51887,1
Hampden Bluff,444,55G,5 34 840,53 90 760,-41.63413,147.4183,1
Hansons Peak,1180,55G,4 14 180,53 86 830,-41.66567,145.96913,1
"Harold, Mount",1250,55G,4 27 720,53 23 900,-42.23374,146.12403,1
Harrys Bluff,739,55G,4 42 430,52 05 620,-43.30005,146.29023,2
"Hartnett, Mount",1136,55G,4 16 600,53 78 090,-41.74463,145.99697,1
Hartz Peak,1254,55G,4 81 160,52 11 900,-43.24547,146.76793,2
Hartz Peak (West),1070,55G,4 79 750,52 12 450,-43.24048,146.75058,1
"Hauland, Mount",401,55G,5 92 460,55 59 110,-40.11324,148.08496,1
Havelock Bluff,445,55G,4 56 400,51 79 810,-43.53338,146.46039,1
"Hayes, Mount",1119,55G,4 38 800,52 24 260,-43.13193,146.24755,3
"Hazelton, Mount",669,55G,3 26 820,54 18 860,-41.36314,144.92947,1
"Hean, Mount",747,55G,4 04 330,52 20 740,-43.16004,145.8232,2
Heap of Rocks,1041,55G,4 06 790,53 93 380,-41.60585,145.8814,1
"Heemskirk, Mount",750,55G,3 48 550,53 64 630,-41.85574,145.17543,2
Heeneys Bluff,507,55G,5 14 730,52 19 850,-43.17397,147.18123,1
Heimdall Crag,1380,55G,5 54 560,53 93 240,-41.61069,147.65482,1
"Helder, Mount",737,55G,4 30 570,52 51 230,-42.88838,146.14973,1
Helen Peak,722,55G,3 30 310,54 08 880,-41.45372,144.96838,1
"Helen, Mount",690,55G,5 43 970,54 31 260,-41.26889,147.52496,1
"Henry, Mount",675,55G,5 82 580,53 67 570,-41.83946,147.99463,1
Henrys Bluff,1040,55G,5 11 600,53 56 980,-41.93906,147.13993,1
Hermit Hill,504,55G,4 28 890,52 58 810,-42.81997,146.13011,1
Herringback,748,55G,5 11 420,52 38 440,-43.00662,147.14012,1
"Hesperus, Mount",1098,55G,4 37 380,52 25 740,-43.11848,146.23026,2
Hibbertia Hill,400,55G,5 81 450,54 63 150,-40.97875,147.96815,1
High Dome,1366,55G,4 11 160,53 50 940,-41.98854,145.92748,5
High Rocky Peak,1071,55G,4 29 018,52 96 880,-42.47718,146.13643,2
High Round Mountain,760,55G,4 43 140,52 01 490,-43.33729,146.29855,2
High Spire,1028,55G,4 28 360,52 93 560,-42.50701,146.12801,2
High Tor,861,55G,3 93 030,53 78 510,-41.73803,145.71364,1
"Hippo, The",940,55G,4 81 180,51 84 580,-43.49147,146.76724,2
"Hippogriff, The",1109,55G,4 23 300,53 33 750,-42.14462,146.07177,2
"Hobbs, Mount",823,55G,5 48 555,52 94 090,-42.50403,147.59097,1
"Hobhouse, Mount",1222,55G,4 38 080,53 15 465,-42.31059,146.24867,2
Hodges Spur,778,55G,5 79 400,54 37 750,-41.20773,147.94707,1
Hogg Hill,809,55G,5 78 800,53 85 370,-41.67954,147.94675,1
"Holloway, Mount",599,55G,3 31 260,54 12 230,-41.42376,144.98068,1
"Hopetoun, Mount",1087,55G,4 59 660,52 11 690,-43.24651,146.50309,4
Horizontal Hill,1254,55G,4 18 930,53 51 545,-41.98393,146.02135,2
"Horror, Mount",676,55G,5 61 600,54 53 540,-41.06706,147.73319,1
"Housetop, Mount",702,55G,4 07 090,54 27 130,-41.30194,145.89019,1
Howells Bluff,1245,55G,4 36 800,53 73 330,-41.78937,146.23938,1
"Hugel, Mount",1403,55G,4 24 390,53 38 210,-42.10456,146.08554,3
"Hull, Mount",790,55G,5 17 100,52 55 460,-42.85325,147.2093,1
"Humboldt, Mount",1069,55G,4 16 090,52 86 910,-42.56566,145.97771,6
Huntsmans Cap,720,55G,5 92 270,54 02 780,-41.52131,148.10588,1
"Huxley, Mount",926,55G,3 83 700,53 33 620,-42.14091,145.59261,2
"Hyperion, Mount",1480,55G,4 20 070,53 59 200,-41.91511,146.03615,5
Ibsens Peak,716,55G,4 47 330,52 62 340,-42.78967,146.356,1
"Ida, Mount",1239,55G,4 30 700,53 47 690,-42.01977,146.16297,4
"Inglis, Mount",1281,55G,4 06 780,53 78 450,-41.7403,145.87895,3
Innes High Rocky,1083,55G,4 29 250,52 96 970,-42.47639,146.13927,4
Innes Peak,665,55G,3 84 980,52 78 540,-42.637,145.5971,1
Interview Pinnacle,508,55G,3 36 710,54 01 060,-41.52545,145.04284,1
Ironbound Range,1061,55G,4 57 190,51 83 590,-43.49939,146.47047,3
Ironstone Mountain,1443,55G,4 56 495,53 82 125,-41.71148,146.47705,2
"Jackson, Mount",797,55G,4 91 590,52 49 350,-42.90842,146.89697,1
"Jacob, Mount",522,55G,5 73 020,52 69 080,-42.72731,147.89192,1
"Jacob, Mount",811,55G,4 21 350,54 09 160,-41.4653,146.05817,1
"Jean, Mount",489,55G,3 95 890,52 51 480,-42.88218,145.72515,1
"Jerusalem, Mount",1459,55G,4 43 870,53 69 905,-41.82075,146.32414,3
Jilletts Tier,1057,55G,4 97 755,53 40 350,-42.08893,146.97285,1
"Jim Brown, Mount",838,55G,4 35 120,52 38 240,-43.00574,146.20394,1
Johnstones Peak,1231,55G,4 69 740,53 77 930,-41.74988,146.63604,1
Jubilee Range,1013,55G,4 63 140,52 52 260,-42.88137,146.54864,3
"Jubilee, Mount",957,55G,4 64 000,52 54 830,-42.85827,146.55934,1
Judds Bluff,805,55G,4 96 720,52 49 190,-42.9099,146.95982,1
"Judith, Mount",439,55G,3 32 760,54 05 380,-41.48574,144.99672,1
"Jukes, Mount",1168,55G,3 82 950,53 30 040,-42.17303,145.58282,3
Julia Peak,918,55G,3 83 430,53 61 360,-41.8911,145.59486,1
"Julia, Mount",840,55G,3 80 860,53 62 105,-41.88401,145.56404,1
Junction Peak,667,55G,4 12 360,53 26 610,-42.20776,145.93832,1
"Karamu, Mount",441,55G,4 23 520,51 79 470,-43.5338,146.05346,1
"Kate, Mount",1156,55G,4 13 280,53 92 290,-41.6164,145.95911,1
Kemps Hill,880,55G,4 85 220,52 50 410,-42.89878,146.81897,1
"Kerferd, Mount",503,55G,6 15 380,55 23 120,-40.43456,148.36033,2
"Kershaw, Mount",560,55G,3 77 480,53 80 450,-41.71831,145.5271,1
"Killiecrankie, Mount",318,55G,5 73 730,55 92 830,-39.81131,147.86138,1
Kimberleys Lookout,548,55G,4 46 090,54 20 700,-41.3634,146.35544,1
King Davids Peak,1499,55G,4 40 885,53 70 370,-41.81634,146.28825,3
King William I,1324,55G,4 28 930,53 24 960,-42.2243,146.13882,2
King William II,1361,55G,4 29 300,53 16 120,-42.30394,146.14223,3
King William III,1172,55G,4 31 720,53 09 510,-42.36368,146.1708,3
"King, Mount",652,55G,4 27 870,52 10 090,-43.25855,146.11133,1
Kings Hill,569,55G,4 35 710,54 22 720,-41.34445,146.23156,1
"Kingstone, Mount",472,55G,5 15 400,53 62 300,-41.89108,147.18563,1
Knife Mountain,1053,55G,4 76 330,51 83 220,-43.50357,146.7072,1
"Knobs (North), The",1100,55G,4 60 840,52 73 530,-42.68972,146.52196,1
"Knobs (South), The",1137,55G,4 61 170,52 73 200,-42.6927,146.52596,1
"Knuckle, The",1400,55G,5 61 535,53 93 920,-41.60406,147.73846,1
"Koonya, Mount",486,55G,5 65 560,52 26 390,-43.11238,147.8058,1
Koruna Peak,932,55G,4 16 190,52 54 250,-42.85974,145.9741,2
"La Perouse, Mount",1158,55G,4 79 200,51 83 170,-43.50411,146.7427,5
Lake Mountain,1023,55G,4 75 630,51 83 190,-43.50382,146.69854,1
Lake Nicholls Prospect,1251,55G,4 70 280,52 76 043,-42.66751,146.63732,1
Lamonts Lookout,1420,55G,4 24 350,53 46 035,-42.03409,146.08606,1
Lanes Peak,1174,55G,4 60 580,52 84 200,-42.59362,146.51952,1
Last Hill,1128,55G,4 02 360,53 44 960,-42.04134,145.82027,1
Layatinna Hill,1222,55G,4 45 620,53 54 140,-41.96285,146.34376,1
"Lee, Mount",736,55G,3 85 260,52 87 030,-42.56061,145.60222,1
"Legge, Mount",723,55G,4 27 790,52 12 690,-43.23513,146.11068,2
Legges Tor,1572,55G,5 54 960,54 01 840,-41.5332,147.65883,1
"Leillateah, Mount",780,55G,4 83 940,51 81 490,-43.51935,146.80128,2
"Leslie, Mount",540,55G,3 86 360,54 37 420,-41.20662,145.64455,1
"Leventhorpe, Mount",501,55G,5 93 530,55 63 590,-40.07277,148.09687,1
"Lewis, Mount",798,55G,3 93 730,52 69 890,-42.71614,145.70217,2
Liffey Bluff,1219,55G,4 77 780,53 80 130,-41.73033,146.73282,1
Mount Lot,1262,55G,4 54 570,52 44 390,-42.95178,146.44307,5
"Lily, Mount",577,55G,3 27 810,54 15 830,-41.39062,144.94044,1
"Lindsay, Mount",579,55G,3 59 970,53 81 930,-41.70209,145.31703,1
"Lion, The",988,55G,4 23 490,52 44 600,-42.9474,146.06213,2
Lionheart Crag,1005,55G,4 30 900,53 15 560,-42.30913,146.16157,1
Lions Head,1200,55G,4 03 640,53 20 200,-42.26445,145.83164,1
Little Billopp,509,55G,5 02 620,53 69 810,-41.82359,147.03155,1
Little Cinder Hill,680,55G,4 23 450,52 34 370,-43.0395,146.06023,1
Little Eldons,650,55G,3 93 540,53 45 500,-42.03534,145.71382,1
Little Farrell,543,55G,3 86 480,53 75 210,-41.76683,145.63427,1
Little Horn,1355,55G,4 13 565,53 85 715,-41.67564,145.96158,2
Little Hugel,1274,55G,4 25 950,53 40 055,-42.08809,146.10463,1
Little Owen,510,55G,3 82 500,53 38 870,-42.09346,145.57915,1
Little Peak,614,55G,5 90 210,52 80 650,-42.62131,148.10002,1
Little Quoin,750,55G,5 24 500,52 90 050,-42.54155,147.29837,1
Little Split Rock,1291,55G,4 60 240,53 69 000,-41.82989,146.52118,1
Little Sugarloaf,1359,55G,4 16 870,53 43 220,-42.05868,145.99531,1
Little Throne,1283,55G,4 49 320,53 78 500,-41.7437,146.39049,1
"Littlechild, Mount",850,55G,5 81 640,54 38 320,-41.20237,147.97371,1
"Livingstone, Mount",781,55G,3 56 040,53 84 470,-41.67852,145.27043,2
"Llewellyn, Mount",736,55G,4 07 290,53 09 440,-42.36178,145.87416,1
"Lloyd Jones, Mount",982,55G,4 32 360,52 40 940,-42.98119,146.1704,2
"Lloyd, Mount",932,55G,4 96 760,52 56 400,-42.84497,146.96035,1
Loddon Bluff,1220,55G,4 25 480,53 19 300,-42.27495,146.09629,3
"Lofty, Mount",527,55G,5 74 780,53 21 170,-42.25809,147.90662,1
Loila Tier,410,55G,6 00 260,54 18 170,-41.38175,148.19906,1
"Longback, The",520,55G,3 41 260,53 98 830,-41.54644,145.09676,1
Lookout Hill,640,55G,6 00 930,53 77 610,-41.74692,148.21389,1
Loongana Range,895,55G,4 12 320,54 17 790,-41.38664,145.95131,1
"Lord (South), Mount",1164,55G,4 62 360,52 80 640,-42.62576,146.54098,1
"Lord, Mount",1198,55G,4 61 010,52 82 560,-42.60841,146.52465,3
Lorkins Lookout,1034,55G,4 77 450,52 67 300,-42.74649,146.72447,1
"Lorymer, Mount",560,55G,4 20 120,54 35 750,-41.2257,146.04694,1
Lightning Ridge,1156,55G,4 55 050,52 44 560,-42.95027,146.44897,3
Lots Wife,1089,55G,4 56 000,52 44 840,-42.94781,146.46063,3
"Louisa, Mount",931,55G,4 51 810,51 88 490,-43.45495,146.40436,4
Lowes Mount,590,55G,5 32 990,53 96 900,-41.57891,147.39575,1
Loyetea Peak,705,55G,4 12 730,54 25 490,-41.31734,145.95732,1
"Lyell, Mount",917,55G,3 85 310,53 43 730,-42.05012,145.61408,1
"Lyne, Mount",942,55G,4 02 770,53 12 550,-42.33323,145.8198,3
Lynes Sugarloaf,552,55G,5 94 660,53 59 840,-41.90772,148.14134,1
"Mabel, Mount",700,55G,3 28 610,54 12 300,-41.42257,144.94901,1
MacGregor Peak,591,55G,5 77 230,52 41 200,-42.97794,147.94717,1
"Mackenzie, Mount",300,55G,4 22 490,52 02 120,-43.32977,146.04393,1
Mackies Hill,688,55G,5 29 620,52 97 610,-42.47329,147.36034,1
"Maconachie, Mount",958,55G,4 25 670,52 32 880,-43.05314,146.08728,3
Macs Mountain,1413,55G,4 15 745,53 56 825,-41.93605,145.98367,4
"Madge, Mount",780,55G,3 94 650,53 28 380,-42.18964,145.72414,1
Maggs Mountain,900,55G,4 32 540,53 78 490,-41.74255,146.1887,1
Magnet Crag,1464,55G,5 53 160,53 99 950,-41.55035,147.63742,1
Magog,470,55G,4 32 540,53 78 200,-41.74516,146.18867,1
"Manfred, Mount",1382,55G,4 18 980,53 48 890,-42.00784,146.02159,4
"Mangana, Mount",571,55G,5 23 190,51 97 820,-43.37213,147.28624,1
Marble Bluff,830,55G,3 90 330,53 48 100,-42.01148,145.67554,2
"Maria, Mount",711,55G,5 90 710,52 80 610,-42.62161,148.10612,2
"Marian, Mount",1132,55G,5 08 530,52 52 560,-42.87951,147.10445,1
Marions Lookout,1223,55G,4 12 805,53 87 400,-41.66038,145.9527,1
Markham Heights,1542,55G,5 54 320,54 04 080,-41.51307,147.65096,1
Marriotts Lookout,1100,55G,4 73 660,52 65 290,-42.76447,146.67807,1
Martins Tor,705,55G,5 90 890,52 81 740,-42.61142,148.10814,1
"Mary, Mount",1012,55G,3 99 860,53 27 820,-42.19537,145.78713,2
"Massif, Mount",1514,55G,4 22 375,53 60 255,-41.90584,146.06408,5
"Maud, Mount",770,55G,3 96 970,53 25 740,-42.21372,145.75177,1
"Maurice, Mount",1121,55G,5 49 145,54 27 200,-41.30516,147.58707,1
"Mawson, Mount",1318,55G,4 66 420,52 73 050,-42.6943,146.59004,1
Maxwell Ridge,1060,55G,4 77 530,51 84 340,-43.49353,146.72209,1
"Mayson, Mount",415,55G,6 05 890,53 31 910,-42.15778,148.28175,1
"McCall, Mount",764,55G,3 94 990,53 08 220,-42.3712,145.7246,1
"McCutcheon, Mount",707,55G,3 90 640,53 08 270,-42.37015,145.67179,1
McKays Peak,744,55G,4 21 860,53 25 100,-42.22237,146.05318,1
McPartlans Bluff,1100,55G,4 67 550,52 06 740,-43.29147,146.59999,1
Meander Crag,1265,55G,4 59 720,53 80 300,-41.72809,146.51569,2
"Melaleuca, Mount",598,55G,4 26 710,51 85 940,-43.47587,146.09381,1
Mensa Moor,1365,55G,5 53 570,53 96 300,-41.5832,147.64266,1
"Mercer, Mount",546,55G,5 23 610,52 96 540,-42.48313,147.28727,1
"Meredith, Mount",792,55G,3 53 770,53 96 670,-41.56827,145.24615,2
Mersey Crag,1420,55G,4 44 600,53 75 330,-41.77194,146.33344,1
"Merton, Mount",330,55G,3 71 190,53 83 930,-41.68598,145.45226,1
Mesa,1012,55G,4 82 280,52 00 307,-43.34988,146.78135,1
"Michael, Mount",802,55G,5 84 430,54 40 650,-41.1811,148.00666,1
Midday Hill,947,55G,5 48 210,53 91 400,-41.62767,147.57876,1
Middle Peak,560,55G,5 67 550,52 69 970,-42.7198,147.82501,1
"Midway, Mount",540,55G,5 24 070,51 92 800,-43.4173,147.29733,1
Millers Bluff,1211,55G,5 14 320,53 57 380,-41.93542,147.17274,2
Milligans Peak,1300,55G,4 28 460,53 24 770,-42.22597,146.1331,1
"Minnie, Mount",478,55G,4 24 260,54 23 400,-41.33733,146.0948,1
"Minotaur, The",1350,55G,4 21 180,53 53 290,-41.96844,146.04874,2
"Miraculous, Mount",584,55G,5 60 990,53 26 770,-42.20886,147.73886,1
Misery Bluff,1510,55G,5 53 690,54 03 880,-41.51492,147.64343,1
"Misery, Mount",697,55G,5 00 580,52 42 010,-42.97456,147.00711,1
"Mismanagement, Mount",788,55G,5 63 330,53 39 500,-42.09403,147.76582,1
Molly Yorks Nightcap,1110,55G,5 15 830,53 53 660,-41.96889,147.19105,1
"Monash, Mount",1179,55G,4 69 360,52 74 170,-42.68434,146.626,2
Montagu Thumbs,974,55G,5 14 710,52 46 760,-42.93165,147.18027,1
"Montagu, Mount",1063,55G,5 14 050,52 47 980,-42.92067,147.17215,2
"Montgomery, Mount",470,55G,4 21 570,54 44 070,-41.1509,146.06531,1
Moonlight Ridge,1036,55G,4 80 540,51 87 020,-43.46948,146.75941,1
Moory Mount,790,55G,3 88 530,54 04 680,-41.50175,145.66441,1
"Moriah, Mount",1362,55G,4 41 275,53 68 080,-41.83699,146.29272,2
Morrison Hill,730,55G,5 13 390,52 28 290,-43.09799,147.16454,1
"Morrison, Mount",500,55G,5 50 770,52 76 380,-42.66337,147.61951,1
"Morriston, Mount",804,55G,5 60 200,53 41 980,-42.07194,147.72772,1
Mother Cummings Head,1260,55G,4 61 905,53 85 630,-41.68019,146.5423,2
Mother Cummings Peak,1190,55G,4 61 220,53 87 525,-41.66309,146.53419,1
Mountains of Jupiter,1320,55G,4 32 110,53 56 420,-41.94127,146.181,2
Moxon Peak,1142,55G,3 82 400,53 68 190,-41.82945,145.5838,1
"Mueller, Mount",1245,55G,4 55 540,52 63 980,-42.77543,146.45651,3
"Mullens, Mount",662,55G,4 13 610,53 25 440,-42.21844,145.95328,1
"Munro, Mount",711,55G,5 94 850,55 30 500,-40.37068,148.11723,2
"Murchison, Mount",1275,55G,3 85 200,53 70 500,-41.80906,145.61796,3
Murphys Bluff,881,55G,4 24 620,52 43 470,-42.95768,146.07582,2
"Murray, Mount",317,55G,5 80 540,52 97 860,-42.46742,147.9797,1
"Nares, Mount",304,55G,4 20 080,51 99 460,-43.35347,146.01382,1
Naturalist Peak,1428,55G,4 61 055,52 76 495,-42.66303,146.52479,1
"Needles, The",1032,55G,4 54 960,52 68 665,-42.7332,146.44979,1
"Needles, The",1108,55G,4 55 390,52 13 750,-43.22772,146.45066,2
Nells Bluff,1180,55G,4 53 380,53 87 110,-41.6664,146.43999,1
"Nereus, Mount",1184,55G,4 11 780,53 58 460,-41.92089,145.93609,4
Nescient Peak,1125,55G,4 33 020,53 67 020,-41.84589,146.19318,1
Nevada Peak,1390,55G,4 70 590,52 48 020,-42.91987,146.63965,3
New Harbour Range,556,55G,4 34 780,51 83 650,-43.49723,146.1933,2
Newton Peak,800,55G,3 84 010,53 59 840,-41.90487,145.60155,1
"Nicholas, Mount",859,55G,5 91 290,54 00 415,-41.54272,148.09449,1
Nicholls Range,571,55G,4 04 700,52 74 600,-42.67517,145.83691,1
"Nicholls, Mount",362,55G,4 21 280,51 99 030,-43.35746,146.02856,1
"Nisbet, Mount",392,55G,5 92 130,54 28 270,-41.29176,148.10032,1
"Norfolk, Mount",762,55G,3 29 760,54 09 860,-41.44478,144.96207,2
Norman Bluff,1194,55G,4 29 440,53 22 920,-42.24272,146.14475,1
"Norold, Mount",978,55G,4 39 920,52 10 410,-43.25672,146.25981,3
North Owen Peak,820,55G,3 86 520,53 40 200,-42.08207,145.62801,1
North Star,996,55G,4 36 970,52 90 900,-42.53171,146.23251,2
North Thumb,1174,55G,4 46 970,52 75 200,-42.67385,146.35281,1
Norths Hill,1040,55G,4 93 720,53 43 760,-42.05819,146.9241,1
Northumbria Hill,578,55G,5 22 220,53 09 470,-42.36673,147.26986,1
"Norway, Mount",599,55G,4 12 270,53 05 360,-42.3991,145.934,1
O'Boyles Sugarloaf,788,55G,4 05 640,53 08 020,-42.37437,145.85389,1
O'Connors Peak,615,55G,5 07 800,53 65 780,-41.85985,147.09398,1
"Oakleigh, Mount",1286,55G,4 20 005,53 72 030,-41.79956,146.0371,3
"Oana, Mount",1180,55G,4 40 050,53 54 870,-41.95587,146.27662,1
Observation Peak,952,55G,4 25 050,53 02 920,-42.42241,146.08895,2
Old Bills Monument,1480,55G,5 52 080,54 03 490,-41.51853,147.62417,1
Old Mans Head,995,55G,5 18 185,53 27 575,-42.20377,147.22028,1
Olegas Bluff,659,55G,4 13 690,52 76 810,-42.65633,145.94694,2
Olivers Hill,862,55G,4 29 080,54 03 930,-41.51312,146.15011,1
"Olympus (North), Mount",1472,55G,4 24 980,53 45 655,-42.03757,146.09362,4
"Olympus (South), Mount",1447,55G,4 27 025,53 44 823,-42.04526,146.11823,3
"Ophel, Mount",1355,55G,4 41 360,53 71 050,-41.81025,146.29403,1
Organ Hill,636,55G,5 98 430,53 74 210,-41.77785,148.1844,1
"Orion, Mount",1151,55G,4 40 390,52 23 300,-43.1407,146.26699,4
"Orthys, Mount",1279,55G,4 28 560,53 43 235,-42.0597,146.13658,2
"Osmund, Mount",368,55G,3 80 470,52 53 500,-42.86174,145.53681,1
"Ossa, Mount",1614,55G,4 19 750,53 64 125,-41.87072,146.03296,5
Ossians Throne,1498,55G,5 57 690,53 99 760,-41.55175,147.69176,1
Outer Spire,980,55G,4 29 010,52 93 720,-42.50563,146.13594,2
"Owen, Mount",1146,55G,3 84 560,53 38 400,-42.098,145.60396,1
Paddys Nut,1382,55G,4 17 780,53 65 715,-41.8562,146.00945,2
Pandani Knob,930,55G,4 73 670,51 82 750,-43.50772,146.67427,1
Panorama Hill,1260,55G,4 52 410,53 83 960,-41.69472,146.42809,1
Parangana Sugarloaf,799,55G,4 36 390,53 88 330,-41.65424,146.23605,1
"Paris, Mount",633,55G,5 65 230,54 37 410,-41.21206,147.77811,1
"Parmeener, Mount",1280,55G,4 47 640,53 90 130,-41.63885,146.37131,1
Parson and Clerk Mountain,1210,55G,5 03 990,53 59 200,-41.91914,147.04812,1
Parsons Hood,913,55G,3 61 560,53 83 860,-41.685,145.33658,2
"Parsons, Mount",331,55G,6 08 940,53 33 150,-42.1462,148.31843,1
"Parthenon, The",1260,55G,4 21 430,53 54 975,-41.95329,146.05199,1
"Patrick, Mount",1040,55G,5 06 530,52 50 570,-42.89745,147.07998,1
"Patrick, Mount",1119,55G,4 98 930,53 52 420,-41.98022,146.98708,1
Pavement Bluff,1330,55G,5 62 365,53 94 750,-41.59652,147.74833,1
"Pearse, Mount",1001,55G,3 84 310,54 04 720,-41.50079,145.61387,1
"Pearson, Mount",360,55G,6 03 450,54 33 550,-41.24284,148.23459,1
"Pedder, Mount",653,55G,5 91 490,52 83 150,-42.59865,148.11522,1
Peddles Hill,690,55G,5 56 090,54 33 140,-41.25121,147.66948,1
"Pegasus (South), Mount",1053,55G,4 41 010,52 21 830,-43.15398,146.27446,2
"Pegasus, Mount",1063,55G,4 41 230,52 22 440,-43.14851,146.27723,3
"Pelion East, Mount",1461,55G,4 22 610,53 65 655,-41.85723,146.06762,3
"Pelion West, Mount",1560,55G,4 15 110,53 68 400,-41.83174,145.97767,6
Pencil Pine Bluff,1161,55G,4 05 640,53 81 840,-41.70964,145.86578,1
Pennefathers Knob,625,55G,5 98 170,53 70 840,-41.80823,148.18182,1
"Penny West, Mount",1140,55G,4 95 770,53 47 030,-42.02875,146.9489,1
"Penny, Mount",1089,55G,5 01 020,53 45 360,-42.04381,147.01232,1
Perpendicular Mountain,344,55G,5 93 500,52 76 640,-42.65702,148.14079,1
Perrins Bluff,1420,55G,4 14 380,53 63 440,-41.87633,145.96816,4
Perrys Peak,1007,55G,4 13 630,53 89 380,-41.64264,145.9629,1
Phantom Peak,500,55G,3 65 270,54 47 180,-41.1155,145.39523,1
Philps Lookout,854,55G,4 30 130,52 98 650,-42.46134,146.15018,1
Philps Peak,1282,55G,4 06 330,53 17 880,-42.28567,145.86387,4
Philps Ridge,1238,55G,4 08 030,53 17 240,-42.29164,145.88439,3
"Phipps, Mount",510,55G,5 48 440,52 76 360,-42.6637,147.59108,1
"Phoenix, The",1091,55G,4 48 570,52 19 190,-43.17831,146.36719,2
"Picton, Mount",1327,55G,4 68 065,52 21 640,-43.15732,146.6072,3
"Piguenit, Mount",757,55G,4 59 220,52 13 840,-43.22713,146.49783,1
Pikes Hill,696,55G,5 28 770,53 07 630,-42.38308,147.34949,1
"Pillinger, Mount",1280,55G,4 27 490,53 70 360,-41.81532,146.12699,2
Pillingers Peak,440,55G,5 93 520,55 59 100,-40.11321,148.0974,1
Pindars Peak,1230,55G,4 74 660,51 82 040,-43.51414,146.68648,6
Pine Knob,1066,55G,4 05 360,53 20 770,-42.25953,145.85258,1
Pine Lake Prospect,1320,55G,4 75 010,53 78 080,-41.74871,146.69943,1
Piners Peak,696,55G,4 13 280,52 31 060,-43.06821,145.93489,1
"Pinnacles, The",659,55G,5 51 270,53 53 580,-41.9681,147.61876,1
"Pitt, Mount",1295,55G,4 27 460,53 24 740,-42.22615,146.12098,1
Platform Peak,979,55G,5 04 720,52 73 825,-42.68804,147.05762,1
"Pleasant, Mount",588,55G,5 40 440,53 21 850,-42.2545,147.49026,1
"Pleiades, The",1080,55G,4 29 190,52 81 160,-42.61875,146.13658,2
Pluto Bluff,1142,55G,4 72 300,52 56 090,-42.84727,146.661,1
"Poimena, Mount",810,55G,5 84 640,54 38 690,-41.19873,148.00943,1
Point Vision,370,55G,4 72 680,54 45 900,-41.13775,146.67448,1
Pokana Peak,1127,55G,4 33 900,52 87 420,-42.56279,146.19473,3
"Pollux, Mount",916,55G,4 50 180,52 06 350,-43.29403,146.38584,2
"Ponsonby, Mount",814,55G,5 43 670,52 99 510,-42.45551,147.53111,1
Precipitous Bluff,1145,55G,4 67 880,51 87 860,-43.46148,146.60295,9
Premier Peak,1167,55G,4 29 800,53 66 430,-41.85092,146.15433,1
Prince Alberts Throne,1240,55G,4 58 300,53 72 470,-41.79854,146.49806,1
Prince of Wales Cap,690,55G,4 46 670,52 65 050,-42.76523,146.34819,1
Princes Peak,1028,55G,4 16 740,52 88 140,-42.55465,145.98581,4
Princess Range,682,55G,4 03 710,52 85 340,-42.57835,145.82665,2
Procyon Peak,1136,55G,4 39 840,52 23 670,-43.13732,146.26027,3
Projection Bluff,1257,55G,4 76 700,53 81 970,-41.71372,146.71991,1
Proprietary Peak,1104,55G,3 82 720,53 30 530,-42.16858,145.58014,1
Propsting Range,894,55G,4 09 540,52 31 700,-43.06201,145.88906,2
"Propsting, Mount",576,55G,3 96 720,53 07 100,-42.38152,145.74541,1
Prospect Mountain,1034,55G,4 06 660,54 02 850,-41.52055,145.88131,1
Prosser Sugarloaf,647,55G,5 67 590,52 75 175,-42.67293,147.82488,1
"Proteus, Mount",1152,55G,4 10 870,53 69 830,-41.8184,145.92683,1
Provis Hills,883,55G,4 58 320,51 92 640,-43.41797,146.48514,1
"Punter, Mount",791,55G,5 93 090,53 77 350,-41.75022,148.11966,1
"Puzzler, Mount",581,55G,5 90 190,53 78 030,-41.74443,148.08468,1
Pyramid Mountain,1259,55G,4 12 240,53 44 400,-42.04755,145.93954,2
Pyramid Peak,1080,55G,3 83 120,53 27 920,-42.19214,145.58445,1
Quailes Hill,918,55G,4 11 590,53 93 800,-41.60261,145.93906,1
Quamby Bluff,1228,55G,4 74 790,53 88 730,-41.65278,146.69724,2
Quartzite Tor,921,55G,3 98 020,53 81 170,-41.71473,145.77409,1
Quoin Mountain,900,55G,5 22 920,52 89 540,-42.54619,147.27915,1
"Quoin, The",572,55G,5 54 560,53 33 490,-42.14881,147.66034,1
Ragged Jack,1369,55G,5 48 840,53 99 485,-41.55481,147.58566,2
Ragged Range,778,55G,4 43 550,52 64 670,-42.76842,146.31002,1
Raglan Range,1067,55G,3 99 380,53 34 390,-42.13615,145.78245,1
"Rallinga, Mount",645,55G,4 25 543,51 91 650,-43.42434,146.08016,1
"Ramsay, Mount",855,55G,3 70 990,53 95 030,-41.58601,145.45225,2
"Raoul, Mount",462,55G,5 63 860,52 15 970,-43.20635,147.78611,1
Rats Castle,1393,55G,4 70 990,53 67 990,-41.83945,146.65059,1
Rattler Hill,900,55G,5 73 250,54 34 930,-41.23371,147.87406,1
Rawlinna Hill,751,55G,5 69 820,53 46 590,-42.02963,147.84345,1
Ray Range,834,55G,4 44 560,51 92 520,-43.41816,146.31516,2
"Razorback, Mount",580,55G,3 68 630,53 64 000,-41.86501,145.41711,1
"Razorback, Mount",615,55G,5 92 710,55 45 610,-40.23482,148.08984,1
"Razorback, The",444,55G,4 57 800,52 20 160,-43.17014,146.48083,1
"Read, Mount",1124,55G,3 78 970,53 66 380,-41.84523,145.54214,1
Recondite Knob,1170,55G,4 03 480,53 91 080,-41.62617,145.84131,1
Red Hills,940,55G,3 83 010,53 65 270,-41.85583,145.59057,1
Redtop Peak,935,55G,4 21 450,52 45 654,-42.9377,146.03727,2
Reeds Peak,1290,55G,4 40 760,52 89 050,-42.54867,146.27846,3
Remote Peak,960,55G,4 22 200,52 42 540,-42.96581,146.04603,2
"Remus, Mount",1110,55G,4 01 200,53 90 370,-41.63228,145.81383,2
"Retreat, The",450,55G,5 38 020,53 86 570,-41.67172,147.45674,1
"Reuben, Mount",470,55G,5 69 830,52 68 000,-42.73734,147.85309,1
"Rex, Mount",800,55G,5 56 240,53 82 650,-41.70595,147.67598,1
"Riana, Mount",602,55G,4 17 640,54 37 880,-41.20626,146.01765,1
Richea Peak,891,55G,4 40 940,52 10 270,-43.25806,146.27236,1
Right Angle Peak,954,55G,4 30 190,52 39 330,-42.99549,146.14359,2
Rimons Hill,866,55G,4 91 300,52 43 990,-42.95668,146.89334,1
Ripple Mountain,793,55G,4 43 940,52 09 860,-43.26198,146.30928,2
Ritters Crag,1160,55G,4 71 080,53 80 130,-41.73011,146.65226,1
"Riveaux, Mount",845,55G,4 71 700,52 24 750,-43.12946,146.65207,3
River Peak North,534,55G,4 15 920,53 03 330,-42.41778,145.97805,1
River Peak South,457,55G,4 13 590,53 01 380,-42.43509,145.94944,1
"Robert, Mount",897,55G,4 13 050,52 69 780,-42.71956,145.93806,2
Roberts Bluff,711,55G,5 14 380,52 34 030,-43.04629,147.17656,1
"Robinson, Mount",887,55G,4 31 640,52 23 660,-43.13672,146.15945,3
Rocky Hill,1194,55G,4 06 190,53 44 220,-42.04847,145.86642,1
Rocky Mount,1030,55G,4 05 120,54 00 110,-41.54505,145.86243,1
Rocky Sugarloaf,974,55G,3 85 370,54 03 440,-41.51247,145.62633,1
Rodway Peak,1170,55G,4 14 350,53 85 390,-41.67865,145.97097,1
Rodway Range,1377,55G,4 64 420,52 75 025,-42.67643,146.56575,1
"Rogoona, Mount",1350,55G,4 33 405,53 62 065,-41.89054,146.19726,3
"Roland, Mount",1233,55G,4 38 690,54 09 750,-41.4615,146.26586,3
Romulus Pup,830,55G,3 96 010,53 86 540,-41.66611,145.75087,1
"Romulus, Mount",966,55G,3 94 930,53 84 680,-41.68272,145.73757,2
"Ronald Cross, Mount",1145,55G,4 24 280,53 22 680,-42.2444,146.08219,2
Round Mountain,660,55G,4 30 120,54 06 610,-41.48908,146.16288,1
"Royal, Mount",350,55G,5 18 130,52 09 400,-43.26799,147.2234,1
"Ruddy, Mount",442,55G,5 03 280,52 44 340,-42.95357,147.04021,1
"Rufus, Mount",1416,55G,4 25 595,53 35 990,-42.12467,146.09982,2
"Rugby, Mount",771,55G,4 28 010,52 02 360,-43.32816,146.11204,3
"Rumney, Mount",370,55G,5 37 080,52 54 570,-42.86056,147.4539,1
"Saddleback, Mount",1256,55G,5 63 565,54 16 780,-41.39801,147.7604,2
"Sale, Mount",521,55G,3 82 950,53 77 980,-41.74138,145.59236,1
Sandbanks Tier,1401,55G,4 88 960,53 67 530,-41.84405,146.86702,1
"Sarah Jane, Mount",1290,55G,4 54 580,52 41 380,-42.97888,146.44295,4
Saw Back Range,770,55G,4 46 880,52 64 040,-42.77433,146.35066,1
Schnells Ridge,1087,55G,4 52 760,52 36 340,-43.02415,146.4202,3
Scoparia Head,896,55G,4 23 280,52 28 870,-43.08901,146.05739,1
"Scorpio, Mount",1106,55G,4 46 780,52 21 050,-43.16143,146.34535,2
"Scott, Mount",984,55G,5 43 360,54 27 600,-41.30189,147.51794,1
Scotts Peak,669,55G,4 41 160,52 38 430,-43.00452,146.27806,1
Scrivens Cone,1130,55G,4 72 080,52 50 340,-42.89904,146.65802,1
Scrubby Peak,746,55G,4 28 780,52 30 700,-43.07307,146.12519,1
"Sculptor, The",1004,55G,4 48 630,52 20 050,-43.17057,146.36801,1
Sculptured Mountain,769,55G,4 31 120,52 30 240,-43.07742,146.15387,1
Seagers Lookout,1208,55G,4 70 020,52 75 260,-42.67455,146.63411,1
"Seal, Mount",874,55G,4 07 400,53 07 130,-42.3826,145.87512,2
Secheron Peak,1068,55G,4 31 100,52 40 140,-42.98828,146.15485,3
Sedgwick Bluff,1019,55G,3 82 340,53 47 890,-42.01222,145.57903,1
"Sedgwick, Mount",1146,55G,3 85 420,53 48 960,-42.00304,145.61643,2
"Selina, Mount",776,55G,3 86 000,53 63 190,-41.875,145.62618,1
Sentinel Range,974,55G,4 38 140,52 53 390,-42.86958,146.24266,2
"Serat, Mount",912,55G,5 09 660,53 25 760,-42.22027,147.11705,1
"Seymour, Mount",740,55G,5 38 810,53 09 290,-42.3677,147.47134,1
"Shakespeare, Mount",1221,55G,4 50 690,53 01 780,-42.43473,146.4005,4
Shannon Tier,950,55G,4 96 370,53 30 600,-42.17673,146.95605,1
"Sharks Fin, The",670,55G,3 92 620,53 92 310,-41.6137,145.71119,1
Sharlands Peak,1140,55G,4 05 700,53 19 160,-42.27407,145.85644,2
"Shaula, Mount",914,55G,4 44 440,52 21 340,-43.15865,146.31659,3
Shining Mountain,1108,55G,4 29 910,52 91 450,-42.52615,146.14662,3
"Sirius, Mount",1151,55G,4 40 180,52 22 550,-43.14743,146.26433,4
Skittleball Hill,1204,55G,4 65 570,53 52 830,-41.97577,146.58443,1
Skyline Knoll,1006,55G,3 88 560,53 58 150,-41.92074,145.65607,1
Slatters Peak,1300,55G,4 30 300,53 18 870,-42.27927,146.15469,1
"Slaughter, Mount",834,55G,5 76 320,53 76 440,-41.76021,147.9181,1
Smithies Peak,1527,55G,4 12 810,53 85 010,-41.68191,145.95241,1
Smiths Tops,1158,55G,4 68 660,53 43 740,-42.05777,146.62124,1
Snake Mount ,480,55G,5 16 660,52 65 070,-42.76672,147.20363,1
Snake Peak,745,55G,3 83 800,53 26 270,-42.2071,145.59236,1
Snow Hill,971,55G,5 69 345,53 59 185,-41.91624,147.83622,1
Snowy Knob,1095,55G,5 01 040,53 56 160,-41.94653,147.01255,1
Snowy North,1262,55G,4 71 100,52 54 590,-42.86073,146.64623,2
Snowy South,1398,55G,4 72 120,52 45 510,-42.94253,146.65827,3
"Snowy, Mount",1189,55G,4 81 990,52 11 190,-43.25188,146.77813,1
Soldiers Marsh Hill,1008,55G,5 00 480,53 29 590,-42.18584,147.00581,1
"Solitary, Mount",852,55G,4 38 890,52 43 680,-42.95707,146.25078,2
Solomons Throne,1470,55G,4 41 610,53 69 480,-41.82441,146.29689,2
Sophia Peak,980,55G,3 92 740,53 70 950,-41.80606,145.70879,2
"Sorell, Mount",1144,55G,3 79 800,53 18 990,-42.27204,145.54241,3
South Barrow,1375,55G,5 35 720,54 17 680,-41.39162,147.42726,1
South Cape Range,560,55G,4 74 600,51 75 230,-43.57546,146.68542,1
South Darwin Peak,783,55G,3 83 490,53 16 480,-42.2952,145.58664,1
South Farrell,543,55G,3 87 920,53 75 360,-41.76569,145.65161,1
South Jukes Peak,1014,55G,3 83 490,53 27 460,-42.19634,145.58884,1
South Mount Bowes,884,55G,4 51 490,52 52 900,-42.87495,146.40605,1
South Sister,831,55G,5 97 820,54 01 290,-41.53406,148.17262,1
South Star,889,55G,4 37 230,52 83 880,-42.59495,146.2349,2
South Thumb,1009,55G,4 47 690,52 73 430,-42.68983,146.36143,1
South Wellington,1185,55G,5 18 860,52 48 510,-42.9158,147.23107,1
South West Cape Range,687,55G,4 23 040,51 84 330,-43.48999,146.04821,2
South West Peak,435,55G,5 78 230,54 62 200,-40.98763,147.93001,1
Southern Cone,1018,55G,4 26 960,52 91 040,-42.52957,146.11065,2
Southwell Peak,520,55G,3 99 510,53 91 170,-41.62487,145.79368,1
Sphinx Bluff,1369,55G,5 61 590,53 92 980,-41.61252,147.73921,1
Spion Kop,866,55G,5 86 510,53 89 180,-41.64443,148.03881,1
"Spires, The",1122,55G,4 28 630,52 93 690,-42.50587,146.13132,6
Split Rock,1318,55G,4 72 020,53 64 765,-41.86854,146.66284,1
"Spode, Mount",522,55G,4 92 580,52 86 500,-42.57387,146.90959,1
"Sprent, Mount",1058,55G,4 15 250,52 61 790,-42.79175,145.96373,2
Spring Hill,574,55G,5 20 950,53 05 040,-42.40666,147.25459,1
Spring Peak,586,55G,5 20 540,53 06 090,-42.39721,147.24957,1
"Spurling, Mount",1280,55G,4 31 130,53 52 480,-41.97667,146.16872,1
Square Mountain,410,55G,5 50 860,52 69 590,-42.72451,147.62122,1
"St John, Mount",779,55G,5 90 320,53 74 130,-41.77954,148.08684,1
St Patricks Head,683,55G,6 03 030,53 96 945,-41.57254,148.23581,1
St Pauls Dome,1027,55G,5 69 340,53 75 600,-41.76841,147.83424,1
"St Peter, Mount",780,55G,5 67 360,53 74 880,-41.77507,147.8105,1
St Peters Dome,558,55G,5 35 280,53 21 760,-42.25556,147.42771,1
St Valentines Peak,1106,55G,3 95 930,54 20 940,-41.35632,145.75586,1
Stacks Bluff,1527,55G,5 57 340,53 91 510,-41.62608,147.68835,3
Staff Hill,725,55G,4 10 520,53 12 470,-42.33488,145.91385,1
Standard Hill,687,55G,4 39 010,54 01 920,-41.53205,146.2689,1
Starfish Hill,655,55G,4 20 230,52 53 620,-42.86585,146.02345,1
Starvegut Hill,1304,55G,4 86 390,53 63 740,-41.87815,146.83598,1
Steeles Bluff,389,55G,5 33 340,53 42 620,-42.06778,147.403,1
Stein Crags,1350,55G,5 49 600,54 02 410,-41.52842,147.59454,1
Stephens Hill,540,55G,4 72 100,54 12 600,-41.43769,146.66604,1
Stepped Hills,1111,55G,4 41 720,52 79 440,-42.63528,146.28917,5
Stevensons Lookout,1045,55G,5 11 100,53 53 570,-41.96978,147.13397,1
"Stewart, Mount",444,55G,3 59 380,54 02 400,-41.51769,145.31475,1
Sticht Range,1080,55G,3 88 150,53 60 460,-41.89988,145.65157,2
"Stokes, Mount",484,55G,4 20 080,52 03 850,-43.31394,146.01446,1
Stonehenge Peak,839,55G,4 27 570,52 30 190,-43.07754,146.11026,1
Stonjeks Lookout,1460,55G,5 56 580,54 02 350,-41.5285,147.6782,1
Stony Peak,490,55G,4 87 270,52 97 810,-42.47195,146.84514,1
Stormont,1009,55G,4 17 360,54 04 140,-41.51011,146.00971,1
"Storey, Mount",420,55G,6 05 960,53 13 650,-42.32218,148.28593,1
Storys Bluff,1380,55G,5 60 185,53 93 300,-41.60974,147.72232,1
"Strahan, Mount",852,55G,3 77 840,53 22 380,-42.24121,145.51936,2
Stringy Bark Tier,780,55G,5 33 260,54 01 510,-41.53737,147.39873,1
"Stronach, Mount",497,55G,5 47 480,54 41 800,-41.17375,147.56604,1
Strzelecki Peaks,782,55G,5 91 070,55 49 280,-40.20194,148.07005,3
"Styx, Mount",1089,55G,4 79 210,52 57 865,-42.8315,146.74563,1
"Sumer, Mount",1140,55G,4 02 770,53 90 640,-41.63004,145.83272,1
Sumpters Peak,857,55G,3 83 980,53 21 460,-42.25043,145.59358,1
"Sunday, Mount",701,55G,3 34 560,54 02 190,-41.51483,145.01739,1
"Swallow, Mount",763,55G,3 92 790,53 81 000,-41.71557,145.7112,1
Table Mountain,1095,55G,5 11 490,53 24 020,-42.23592,147.13925,2
Tanina Bluff,894,55G,5 02 605,52 77 540,-42.6546,147.03178,1
"Tanner, Mount",332,55G,5 70 460,55 85 030,-39.88186,147.82402,1
Tatnells Hill,560,55G,5 76 910,52 30 300,-43.07611,147.94475,1
"Taurus, Mount",1011,55G,4 45 310,52 19 690,-43.17357,146.32713,2
Taylors Tier,656,55G,5 00 020,52 83 400,-42.60183,147.00024,1
"Temple, The",1446,55G,4 42 315,53 69 590,-41.82347,146.30539,2
Terminal Peak,785,55G,4 34 040,52 41 370,-42.97747,146.19106,1
"Terra, Mount",610,55G,5 09 950,52 67 750,-42.7427,147.12157,1
Thark Ridge,1260,55G,5 16 420,52 50 470,-42.8982,147.20112,1
"Thetis, Mount",1482,55G,4 16 975,53 65 105,-41.86161,145.99967,4
Three O'Clock Hill,960,55G,5 66 860,53 95 460,-41.58976,147.80218,1
Three Sisters,1228,55G,4 87 710,53 56 690,-41.94166,146.85174,1
Three Thumbs,548,55G,5 70 860,52 83 080,-42.60145,147.86379,1
"Thumbs, The",1204,55G,4 47 095,52 74 985,-42.67579,146.35431,5
"Thunderbolt, Mount",773,55G,4 65 330,52 96 510,-42.48299,146.57816,1
Thureau Hills,639,55G,3 87 310,53 34 670,-42.13198,145.63649,1
Tim Shea,954,55G,4 56 400,52 70 380,-42.71784,146.46752,1
"Tobin, Mount",546,55G,5 24 620,51 95 850,-43.38982,147.30398,1
Tods Hill,1008,55G,5 08 140,53 40 490,-42.08763,147.09842,1
"Tonga, Mount",360,55G,5 67 590,52 24 790,-43.12661,147.83095,1
"Tooms, Mount",712,55G,5 72 810,53 26 120,-42.2137,147.88211,1
"Tor, Mount",1105,55G,4 07 500,54 12 770,-41.43131,145.8929,2
Tower Hill (East Tower),1100,55G,5 71 170,54 00 110,-41.54751,147.85334,1
Tower Hill (West Tower),1110,55G,5 69 450,54 00 860,-41.5409,147.83263,1
Tramontane,1142,55G,4 14 902,53 49 195,-42.0012,145.96189,1
Traveller Range,1254,55G,4 27 280,53 52 790,-41.97353,146.12229,1
Trestle Mountain,1160,55G,5 10 710,52 51 800,-42.88633,147.13116,2
Trial Ridge,1022,55G,4 38 770,52 88 130,-42.5568,146.25413,2
Tudor Crag,1322,55G,4 29 701,53 13 870,-42.32424,146.14682,1
Tumble Tor,1360,55G,4 93 170,53 66 830,-41.8504,146.91772,1
Turrana Bluff,1450,55G,4 46 140,53 76 810,-41.75871,146.3521,1
Turrana Heights,1389,55G,4 48 860,53 76 640,-41.76043,146.3848,2
Twelvetrees Range,688,55G,4 24 170,52 63 480,-42.77747,146.07301,1
Twin Spires (North),1406,55G,4 26 810,53 63 090,-41.88073,146.1179,2
Twin Spires (South),1398,55G,4 26 740,53 62 890,-41.88252,146.11703,1
Two Hummocks,807,55G,4 00 400,54 14 620,-41.4138,145.80824,1
Tyenna Peak,1320,55G,4 63 255,52 72 190,-42.7019,146.55135,2
Tylers Hill,490,55G,4 99 500,51 97 310,-43.37708,146.99383,1
"Tyndall, Mount",1179,55G,3 83 200,53 56 650,-41.93347,145.59115,2
"Vandyke, Mount",1084,55G,4 38 190,54 06 540,-41.49037,146.25954,1
"Vero, Mount",693,55G,3 37 080,54 07 770,-41.46512,145.04909,1
Vicar Bluff,1270,55G,4 28 140,53 66 160,-41.8532,146.1343,1
"Victoria Cross, Mount",1120,55G,4 72 520,51 88 150,-43.45905,146.66032,4
Victoria Peak,949,55G,3 90 360,53 72 020,-41.7961,145.68034,1
"Victoria, Mount",1213,55G,5 70 340,54 23 935,-41.333,147.84061,2
View Peak,530,55G,5 79 230,52 43 640,-42.95576,147.97135,1
Vincents Hill,612,55G,5 34 700,53 22 790,-42.24631,147.42062,1
Walford Peak,1009,55G,3 86 580,53 56 210,-41.93793,145.63183,1
Walled Mountain,1431,55G,4 18 740,53 56 460,-41.93965,146.01974,4
"Walter, Mount",520,55G,5 70 860,52 68 980,-42.72842,147.86555,1
Wards Bluff,1060,55G,4 07 170,53 28 020,-42.19447,145.87568,2
Warners Sugarloaf,800,55G,4 70 750,53 85 510,-41.68164,146.64856,1
"Wart, The",1124,55G,4 70 040,52 49 140,-42.90977,146.63297,1
"Watcher, The",1294,55G,4 62 440,52 77 140,-42.65729,146.54173,2
Wayeninnah Hill,764,55G,4 53 080,52 01 320,-43.3395,146.42116,1
"Wedge, Mount",1147,55G,4 42 560,52 56 120,-42.84534,146.29705,2
Wedgetail Peak,450,55G,5 80 140,54 63 610,-40.97474,147.95253,1
Weindorfers Tower,1459,55G,4 13 150,53 85 460,-41.67789,145.95656,2
Weld Ridge,1225,55G,4 67 250,52 36 080,-43.02726,146.59802,2
"Weld, Mount",1345,55G,4 65 555,52 38 620,-43.00431,146.57738,4
"Wellington, Mount",1271,55G,5 19 375,52 50 705,-42.89602,147.23731,1
Wentworth Hills,1244,55G,4 43 130,53 25 710,-42.21871,146.31095,1
West Bluff,609,55G,3 26 520,54 14 060,-41.40628,144.92452,1
West Jukes Peak,1062,55G,3 82 090,53 28 430,-42.18739,145.57209,1
West Portal,1181,55G,4 52 140,52 17 360,-43.19502,146.41096,5
Western Bluff,1420,55G,4 40 220,53 92 480,-41.61716,146.28246,2
Wetpants Peak,1230,55G,4 71 700,52 49 390,-42.90758,146.65332,1
Wherretts Lookout,1008,55G,4 58 860,52 71 730,-42.70582,146.49766,1
White Needle,1117,55G,4 05 840,53 18 660,-42.27859,145.85806,1
White Pyramid,1071,55G,4 27 880,52 92 140,-42.51975,146.12199,2
White Rock Bluff,760,55G,5 76 010,53 65 700,-41.85696,147.91575,1
White Timber Mountain,956,55G,5 00 500,52 50 150,-42.90126,147.00612,1
Whitham Bluff,1075,55G,3 82 340,53 55 640,-41.94244,145.58058,1
Whymper Crags,1442,55G,5 55 850,54 04 050,-41.51324,147.6693,1
Wild Dog Tier,1394,55G,4 65 040,53 74 190,-41.78337,146.57929,1
Wilmot Bluff,1480,55G,5 57 110,53 92 225,-41.61965,147.68552,1
"Wilson, Mount",761,55G,4 39 060,52 08 210,-43.27646,146.24897,2
Windmill Top,1395,55G,4 88 800,53 66 540,-41.85296,146.86507,1
"Windsor, Mount",384,55G,5 02 750,52 19 150,-43.18041,147.03384,1
Wombat Peak,805,55G,4 29 650,52 30 870,-43.07162,146.1359,1
Wombat Peak,1105,55G,4 12 340,53 88 040,-41.65457,145.94721,1
Woods Quoin,926,55G,5 07 745,53 18 090,-42.28937,147.09395,1
Woody Peak,569,55G,3 26 920,54 17 350,-41.37675,144.93024,1
"Wright, Mount",1112,55G,4 45 455,52 81 070,-42.62088,146.33488,4
Wylds Craig,1339,55G,4 49 895,52 97 410,-42.47404,146.39045,3
"Wylly, Mount",1110,55G,4 72 440,51 85 920,-43.47913,146.65922,4
"Wyndham, Mount",497,55G,5 42 610,53 12 630,-42.33742,147.51724,1
Yellow Knob,1095,55G,3 82 870,53 29 580,-42.17716,145.58176,1
"Young, Mount",894,55G,5 80 065,54 20 810,-41.36024,147.95723,1
"Youngbuck, Mount",631,55G,3 57 030,54 02 610,-41.51538,145.28665,1
"Zeehan, Mount",702,55G,3 60 940,53 57 000,-41.92671,145.32284,1
Zion Hill,1395,55G,4 42 280,53 70 655,-41.81388,146.30507,2